current_tariff,arpu_segment,target_tariff,history_n,lift_median,lift_mean_clipped,lift_std,audience_n,audience_arpu_sum,history_share,lift_se,reliable
tariff_1,HIGH,tariff_10,9,0.080823,0.176657,0.551631,11,82638.481709,0.126761,0.183877,False
tariff_1,HIGH,tariff_11,4,0.185588,0.023996,0.35177,11,82638.481709,0.056338,0.175885,False
tariff_1,HIGH,tariff_12,2,0.409989,0.409989,0.084774,11,82638.481709,0.028169,0.059944,False
tariff_1,HIGH,tariff_13,14,-0.378912,-0.354731,0.295106,11,82638.481709,0.197183,0.07887,False
tariff_1,HIGH,tariff_4,10,-0.079727,-0.031744,0.642271,11,82638.481709,0.140845,0.203104,False
tariff_1,HIGH,tariff_8,32,-0.186301,-0.237178,0.463798,11,82638.481709,0.450704,0.081989,True
tariff_1,LOW,tariff_10,14,3.879902,2.044637,1.555576,40,132219.590895,0.059574,0.415745,False
tariff_1,LOW,tariff_11,2,7.382189,1.266197,2.451968,40,132219.590895,0.008511,1.733803,False
tariff_1,LOW,tariff_13,22,2.377116,2.121335,1.030026,40,132219.590895,0.093617,0.219602,False
tariff_1,LOW,tariff_21,10,-0.219668,0.419377,1.655828,40,132219.590895,0.042553,0.523619,False
tariff_1,LOW,tariff_4,35,5.454132,1.98429,1.580001,40,132219.590895,0.148936,0.267069,True
tariff_1,LOW,tariff_8,71,4.250582,1.548777,1.693503,40,132219.590895,0.302128,0.200982,True
tariff_1,LOW,tariff_9,81,4.699692,1.998245,1.476879,40,132219.590895,0.344681,0.164098,True
tariff_1,MID,tariff_10,26,0.837052,0.884475,1.220094,32,165169.065447,0.08254,0.23928,False
tariff_1,MID,tariff_11,12,0.909286,1.193371,1.525683,32,165169.065447,0.038095,0.440427,False
tariff_1,MID,tariff_12,2,2.165097,1.814721,1.676237,32,165169.065447,0.006349,1.185279,False
tariff_1,MID,tariff_13,67,0.126203,0.327585,0.762841,32,165169.065447,0.212698,0.093196,True
tariff_1,MID,tariff_21,5,0.715111,0.881871,1.882466,32,165169.065447,0.015873,0.841864,False
tariff_1,MID,tariff_4,51,0.66577,0.997031,1.196045,32,165169.065447,0.161905,0.16748,True
tariff_1,MID,tariff_8,125,0.517526,0.785127,1.267787,32,165169.065447,0.396825,0.113394,True
tariff_1,MID,tariff_9,27,1.498708,1.329362,1.177031,32,165169.065447,0.085714,0.22652,False
tariff_10,HIGH,tariff_1,17,-0.528825,-0.576015,0.422133,2950,24190636.440913,0.025148,0.102382,False
tariff_10,HIGH,tariff_11,134,-0.039405,-0.057801,0.462742,2950,24190636.440913,0.198225,0.039975,True
tariff_10,HIGH,tariff_12,91,-0.022662,-0.066708,0.455019,2950,24190636.440913,0.134615,0.047699,True
tariff_10,HIGH,tariff_13,33,-0.398926,-0.348804,0.354752,2950,24190636.440913,0.048817,0.061754,True
tariff_10,HIGH,tariff_4,77,-0.296435,-0.345204,0.407861,2950,24190636.440913,0.113905,0.04648,True
tariff_10,HIGH,tariff_8,324,-0.127027,-0.133652,0.381183,2950,24190636.440913,0.47929,0.021177,True
tariff_10,LOW,tariff_1,1,-0.863538,-0.863538,,370,972233.568226,0.016667,,False
tariff_10,LOW,tariff_11,11,-0.943437,-0.012058,1.566413,370,972233.568226,0.183333,0.472291,False
tariff_10,LOW,tariff_12,4,-1.0,-0.606794,0.786411,370,972233.568226,0.066667,0.393206,False
tariff_10,LOW,tariff_13,2,2.237415,1.990447,1.427723,370,972233.568226,0.033333,1.009553,False
tariff_10,LOW,tariff_21,2,3.589919,1.0,2.828427,370,972233.568226,0.033333,2.0,False
tariff_10,LOW,tariff_4,13,0.281776,0.424466,1.389395,370,972233.568226,0.216667,0.385349,False
tariff_10,LOW,tariff_8,19,-0.982122,0.179083,1.718194,370,972233.568226,0.316667,0.394181,False
tariff_10,LOW,tariff_9,8,4.24895,1.940562,1.747027,370,972233.568226,0.133333,0.617667,False
tariff_10,MID,tariff_1,12,-0.821059,-0.741663,0.264141,645,3003700.147275,0.033241,0.076251,False
tariff_10,MID,tariff_11,86,0.453931,0.414156,0.982347,645,3003700.147275,0.238227,0.105929,True
tariff_10,MID,tariff_12,30,0.311226,0.301911,0.892886,645,3003700.147275,0.083102,0.163018,True
tariff_10,MID,tariff_13,31,-0.297413,-0.177911,0.700981,645,3003700.147275,0.085873,0.1259,True
tariff_10,MID,tariff_21,1,-0.217676,-0.217676,,645,3003700.147275,0.00277,,False
tariff_10,MID,tariff_4,60,0.031226,0.006431,0.841447,645,3003700.147275,0.166205,0.10863,True
tariff_10,MID,tariff_8,138,0.219975,0.218115,0.77451,645,3003700.147275,0.382271,0.065931,True
tariff_10,MID,tariff_9,3,0.167388,0.225638,0.807177,645,3003700.147275,0.00831,0.466024,False
tariff_11,HIGH,tariff_1,5,-0.379693,-0.302338,0.301109,1633,14175708.00287,0.01006,0.13466,False
tariff_11,HIGH,tariff_10,110,-0.086455,-0.050689,0.425855,1633,14175708.00287,0.221328,0.040604,True
tariff_11,HIGH,tariff_12,107,0.120556,0.077464,0.527195,1633,14175708.00287,0.215292,0.050966,True
tariff_11,HIGH,tariff_13,20,-0.533766,-0.49789,0.324995,1633,14175708.00287,0.040241,0.072671,False
tariff_11,HIGH,tariff_4,42,-0.37917,-0.280485,0.589062,1633,14175708.00287,0.084507,0.090894,True
tariff_11,HIGH,tariff_8,213,-0.141352,-0.160912,0.423217,1633,14175708.00287,0.428571,0.028998,True
tariff_11,LOW,tariff_10,14,-0.999948,-0.50834,1.076074,387,1067637.796154,0.202899,0.287593,False
tariff_11,LOW,tariff_12,20,-0.750232,0.12989,1.500084,387,1067637.796154,0.289855,0.335429,False
tariff_11,LOW,tariff_13,4,-0.774406,0.112797,1.929328,387,1067637.796154,0.057971,0.964664,False
tariff_11,LOW,tariff_21,1,9.458063,3.0,,387,1067637.796154,0.014493,,False
tariff_11,LOW,tariff_4,10,-0.939648,0.077651,1.706902,387,1067637.796154,0.144928,0.53977,False
tariff_11,LOW,tariff_8,16,1.919359,1.221661,1.807311,387,1067637.796154,0.231884,0.451828,False
tariff_11,LOW,tariff_9,4,4.356025,2.089576,1.820849,387,1067637.796154,0.057971,0.910424,False
tariff_11,MID,tariff_1,6,-0.415273,-0.257374,0.570243,464,2059004.340584,0.02381,0.232801,False
tariff_11,MID,tariff_10,29,0.196161,0.246028,1.069823,464,2059004.340584,0.115079,0.198661,False
tariff_11,MID,tariff_12,62,0.157548,0.104561,0.988713,464,2059004.340584,0.246032,0.125567,True
tariff_11,MID,tariff_13,7,-0.135639,-0.169746,0.459912,464,2059004.340584,0.027778,0.17383,False
tariff_11,MID,tariff_4,42,-7.8e-05,0.216339,1.006346,464,2059004.340584,0.166667,0.155283,True
tariff_11,MID,tariff_8,103,0.223882,0.234617,0.826261,464,2059004.340584,0.40873,0.081414,True
tariff_11,MID,tariff_9,3,0.244667,0.707855,0.994923,464,2059004.340584,0.011905,0.574419,False
tariff_12,HIGH,tariff_1,5,-0.787816,-0.688009,0.377246,567,5244797.051879,0.013699,0.168709,False
tariff_12,HIGH,tariff_10,85,0.042002,-0.008897,0.468768,567,5244797.051879,0.232877,0.050845,True
tariff_12,HIGH,tariff_11,82,0.024923,0.051374,0.528596,567,5244797.051879,0.224658,0.058374,True
tariff_12,HIGH,tariff_13,9,-0.529626,-0.362542,0.390678,567,5244797.051879,0.024658,0.130226,False
tariff_12,HIGH,tariff_4,15,-0.201161,-0.262828,0.307921,567,5244797.051879,0.041096,0.079505,False
tariff_12,HIGH,tariff_8,168,-0.115568,-0.094798,0.403777,567,5244797.051879,0.460274,0.031152,True
tariff_12,HIGH,tariff_9,1,-0.179201,-0.179201,,567,5244797.051879,0.00274,,False
tariff_12,LOW,tariff_10,8,-1.0,-0.769122,0.653023,363,1017502.054351,0.235294,0.230878,False
tariff_12,LOW,tariff_11,6,1.72117,1.125763,2.07153,363,1017502.054351,0.176471,0.845699,False
tariff_12,LOW,tariff_13,3,-0.686271,0.43791,2.224373,363,1017502.054351,0.088235,1.284243,False
tariff_12,LOW,tariff_4,10,-1.0,-0.750386,0.681756,363,1017502.054351,0.294118,0.21559,False
tariff_12,LOW,tariff_8,6,2.751958,1.654906,1.895755,363,1017502.054351,0.176471,0.773939,False
tariff_12,LOW,tariff_9,1,-1.0,-1.0,,363,1017502.054351,0.029412,,False
tariff_12,MID,tariff_1,2,-0.607187,-0.607187,0.555521,342,1503059.906131,0.013889,0.392813,False
tariff_12,MID,tariff_10,22,0.244909,0.261797,0.988048,342,1503059.906131,0.152778,0.210653,False
tariff_12,MID,tariff_11,22,-0.516544,-0.24724,0.813885,342,1503059.906131,0.152778,0.173521,False
tariff_12,MID,tariff_13,9,-0.269496,-0.074711,0.612917,342,1503059.906131,0.0625,0.204306,False
tariff_12,MID,tariff_4,10,-0.312393,0.11444,1.084203,342,1503059.906131,0.069444,0.342855,False
tariff_12,MID,tariff_8,78,0.335334,0.512414,0.938532,342,1503059.906131,0.541667,0.106268,True
tariff_12,MID,tariff_9,1,1.362452,1.362452,,342,1503059.906131,0.006944,,False
tariff_13,HIGH,tariff_1,7,-0.252505,-0.278467,0.812607,516,3712751.173785,0.081395,0.307136,False
tariff_13,HIGH,tariff_10,9,-0.024251,0.093812,0.495504,516,3712751.173785,0.104651,0.165168,False
tariff_13,HIGH,tariff_11,6,-0.481647,-0.328548,0.67671,516,3712751.173785,0.069767,0.276266,False
tariff_13,HIGH,tariff_12,9,0.01476,-0.134355,0.444835,516,3712751.173785,0.104651,0.148278,False
tariff_13,HIGH,tariff_4,22,-0.207111,-0.130991,0.329738,516,3712751.173785,0.255814,0.0703,False
tariff_13,HIGH,tariff_8,33,-0.073309,0.063648,0.671323,516,3712751.173785,0.383721,0.116862,True
tariff_13,LOW,tariff_1,3,1.199345,1.108804,1.938054,251,756421.083396,0.069767,1.118936,False
tariff_13,LOW,tariff_10,2,17.235052,3.0,0.0,251,756421.083396,0.046512,0.0,False
tariff_13,LOW,tariff_11,1,1.500481,1.500481,,251,756421.083396,0.023256,,False
tariff_13,LOW,tariff_21,2,-0.489861,-0.489861,0.721445,251,756421.083396,0.046512,0.510139,False
tariff_13,LOW,tariff_4,7,-0.255781,0.051521,1.432645,251,756421.083396,0.162791,0.541489,False
tariff_13,LOW,tariff_8,20,1.180906,1.234115,1.611348,251,756421.083396,0.465116,0.360308,False
tariff_13,LOW,tariff_9,8,5.382136,1.536408,2.021948,251,756421.083396,0.186047,0.714867,False
tariff_13,MID,tariff_1,41,-0.821899,-0.502647,0.640073,1022,5000571.23814,0.097852,0.099963,True
tariff_13,MID,tariff_10,29,0.664553,0.615832,1.097819,1022,5000571.23814,0.069212,0.20386,False
tariff_13,MID,tariff_11,9,0.487645,0.331505,0.669186,1022,5000571.23814,0.02148,0.223062,False
tariff_13,MID,tariff_12,3,-0.863884,-0.476481,0.780178,1022,5000571.23814,0.00716,0.450436,False
tariff_13,MID,tariff_21,2,0.910997,0.910997,0.011766,1022,5000571.23814,0.004773,0.00832,False
tariff_13,MID,tariff_4,73,0.223215,0.2075,0.682467,1022,5000571.23814,0.174224,0.079877,True
tariff_13,MID,tariff_8,234,0.405473,0.459117,0.972268,1022,5000571.23814,0.558473,0.063559,True
tariff_13,MID,tariff_9,28,0.364228,0.425583,0.776327,1022,5000571.23814,0.066826,0.146712,False
tariff_14,HIGH,tariff_1,4,-0.621261,-0.589453,0.457714,963,7609558.492534,0.057971,0.228857,False
tariff_14,HIGH,tariff_10,11,-0.234254,-0.31564,0.553337,963,7609558.492534,0.15942,0.166837,False
tariff_14,HIGH,tariff_11,4,-0.231091,-0.116114,0.57613,963,7609558.492534,0.057971,0.288065,False
tariff_14,HIGH,tariff_12,2,-0.491185,-0.491185,0.719573,963,7609558.492534,0.028986,0.508815,False
tariff_14,HIGH,tariff_13,4,-0.419611,-0.521906,0.345024,963,7609558.492534,0.057971,0.172512,False
tariff_14,HIGH,tariff_4,9,-0.400573,-0.305364,0.321014,963,7609558.492534,0.130435,0.107005,False
tariff_14,HIGH,tariff_8,35,-0.101721,-0.07902,0.40657,963,7609558.492534,0.507246,0.068723,True
tariff_14,LOW,tariff_1,2,13.533745,3.0,0.0,231,721988.302461,0.037736,0.0,False
tariff_14,LOW,tariff_10,4,-0.860536,0.069732,1.957932,231,721988.302461,0.075472,0.978966,False
tariff_14,LOW,tariff_11,1,-1.0,-1.0,,231,721988.302461,0.018868,,False
tariff_14,LOW,tariff_12,4,-0.941701,0.02915,1.981329,231,721988.302461,0.075472,0.990665,False
tariff_14,LOW,tariff_13,3,0.414468,0.804823,2.028369,231,721988.302461,0.056604,1.17108,False
tariff_14,LOW,tariff_21,3,1.876796,1.143497,1.873986,231,721988.302461,0.056604,1.081946,False
tariff_14,LOW,tariff_4,6,1.821265,1.273755,1.895233,231,721988.302461,0.113208,0.773726,False
tariff_14,LOW,tariff_8,9,5.453912,1.675926,1.986257,231,721988.302461,0.169811,0.662086,False
tariff_14,LOW,tariff_9,21,1.585853,1.223754,1.639571,231,721988.302461,0.396226,0.357784,False
tariff_14,MID,tariff_1,8,-0.549825,-0.518909,0.472177,755,3686020.025356,0.067797,0.16694,False
tariff_14,MID,tariff_10,17,-0.224611,0.026073,1.113144,755,3686020.025356,0.144068,0.269977,False
tariff_14,MID,tariff_11,3,-1.0,-0.466576,0.923918,755,3686020.025356,0.025424,0.533424,False
tariff_14,MID,tariff_12,6,-1.0,-0.987677,0.019386,755,3686020.025356,0.050847,0.007914,False
tariff_14,MID,tariff_13,9,-0.353001,0.140856,1.193775,755,3686020.025356,0.076271,0.397925,False
tariff_14,MID,tariff_21,1,-1.0,-1.0,,755,3686020.025356,0.008475,,False
tariff_14,MID,tariff_4,25,-0.015776,-0.034089,0.631405,755,3686020.025356,0.211864,0.126281,False
tariff_14,MID,tariff_8,42,-0.169501,-0.085404,0.944268,755,3686020.025356,0.355932,0.145704,True
tariff_14,MID,tariff_9,7,0.728775,0.897457,1.267908,755,3686020.025356,0.059322,0.479224,False
tariff_15,HIGH,tariff_1,3,0.306328,0.037656,0.932805,14,96923.366621,0.038961,0.538555,False
tariff_15,HIGH,tariff_10,9,0.220403,0.151118,0.403554,14,96923.366621,0.116883,0.134518,False
tariff_15,HIGH,tariff_11,5,-0.045799,-0.091355,0.587622,14,96923.366621,0.064935,0.262793,False
tariff_15,HIGH,tariff_12,3,0.542629,0.532592,0.568193,14,96923.366621,0.038961,0.328046,False
tariff_15,HIGH,tariff_13,11,-0.25687,-0.2342,0.258283,14,96923.366621,0.142857,0.077875,False
tariff_15,HIGH,tariff_4,16,-0.112327,-0.074778,0.260678,14,96923.366621,0.207792,0.06517,False
tariff_15,HIGH,tariff_8,30,-0.059454,-0.094512,0.404219,14,96923.366621,0.38961,0.0738,True
tariff_15,LOW,tariff_1,4,0.133346,0.66138,1.615572,14,43367.060105,0.050633,0.807786,False
tariff_15,LOW,tariff_10,4,5.935411,2.012695,1.974609,14,43367.060105,0.050633,0.987305,False
tariff_15,LOW,tariff_11,1,-1.0,-1.0,,14,43367.060105,0.012658,,False
tariff_15,LOW,tariff_13,14,1.951764,1.567847,1.495464,14,43367.060105,0.177215,0.39968,False
tariff_15,LOW,tariff_21,8,0.912722,0.950567,1.753477,14,43367.060105,0.101266,0.619948,False
tariff_15,LOW,tariff_4,7,0.475074,0.962102,1.856746,14,43367.060105,0.088608,0.701784,False
tariff_15,LOW,tariff_8,21,2.354154,1.483749,1.709141,14,43367.060105,0.265823,0.372965,False
tariff_15,LOW,tariff_9,20,2.713341,1.558318,1.707619,14,43367.060105,0.253165,0.381835,False
tariff_15,MID,tariff_1,54,-0.565838,-0.434411,0.512149,80,402182.259632,0.041127,0.069695,True
tariff_15,MID,tariff_10,180,0.439581,0.488778,0.747825,80,402182.259632,0.137091,0.05574,True
tariff_15,MID,tariff_11,23,0.350543,0.482303,0.926039,80,402182.259632,0.017517,0.193092,False
tariff_15,MID,tariff_12,4,2.783046,2.35576,1.009248,80,402182.259632,0.003046,0.504624,False
tariff_15,MID,tariff_13,348,-0.074134,0.026209,0.518016,80,402182.259632,0.265042,0.027769,True
tariff_15,MID,tariff_21,8,0.299441,0.256218,0.839325,80,402182.259632,0.006093,0.296746,False
tariff_15,MID,tariff_4,133,0.376571,0.429065,0.785233,80,402182.259632,0.101295,0.068088,True
tariff_15,MID,tariff_8,430,0.461329,0.485759,0.758414,80,402182.259632,0.327494,0.036574,True
tariff_15,MID,tariff_9,133,0.292393,0.359131,0.592104,80,402182.259632,0.101295,0.051342,True
tariff_16,HIGH,tariff_1,1,-0.266015,-0.266015,,2,8012.469158,0.066667,,False
tariff_16,HIGH,tariff_11,3,-0.033079,0.02918,0.541946,2,8012.469158,0.2,0.312892,False
tariff_16,HIGH,tariff_13,4,-0.420576,-0.132412,0.860641,2,8012.469158,0.266667,0.430321,False
tariff_16,HIGH,tariff_4,3,-0.077759,0.074317,0.531912,2,8012.469158,0.2,0.3071,False
tariff_16,HIGH,tariff_8,4,0.066328,0.053974,0.197576,2,8012.469158,0.266667,0.098788,False
tariff_16,LOW,tariff_1,27,-0.201778,0.293174,1.217267,8,21006.127868,0.124424,0.234263,False
tariff_16,LOW,tariff_10,2,6.136785,1.0,2.828427,8,21006.127868,0.009217,2.0,False
tariff_16,LOW,tariff_11,4,10.693945,2.179605,1.64079,8,21006.127868,0.018433,0.820395,False
tariff_16,LOW,tariff_13,9,2.634195,2.337348,0.922768,8,21006.127868,0.041475,0.307589,False
tariff_16,LOW,tariff_21,29,0.849474,1.037371,1.647382,8,21006.127868,0.133641,0.305911,False
tariff_16,LOW,tariff_4,13,6.086853,1.745524,1.698534,8,21006.127868,0.059908,0.471088,False
tariff_16,LOW,tariff_8,25,2.985017,1.938623,1.430382,8,21006.127868,0.115207,0.286076,False
tariff_16,LOW,tariff_9,108,1.59292,1.244845,1.715554,8,21006.127868,0.497696,0.165079,True
tariff_16,MID,tariff_1,48,-0.509846,-0.383299,0.515658,10,47207.16015,0.247423,0.074429,True
tariff_16,MID,tariff_10,4,1.250754,1.402132,1.202626,10,47207.16015,0.020619,0.601313,False
tariff_16,MID,tariff_11,10,0.339821,0.767858,1.354034,10,47207.16015,0.051546,0.428183,False
tariff_16,MID,tariff_12,1,-0.50477,-0.50477,,10,47207.16015,0.005155,,False
tariff_16,MID,tariff_13,43,0.037633,0.203684,0.782332,10,47207.16015,0.221649,0.119305,True
tariff_16,MID,tariff_21,7,0.023565,0.764498,1.715422,10,47207.16015,0.036082,0.648369,False
tariff_16,MID,tariff_4,15,0.40894,0.518641,0.936142,10,47207.16015,0.07732,0.241711,False
tariff_16,MID,tariff_8,44,0.798035,0.785973,1.145887,10,47207.16015,0.226804,0.172749,True
tariff_16,MID,tariff_9,22,0.918285,0.808603,1.33628,10,47207.16015,0.113402,0.284896,False
tariff_17,HIGH,tariff_1,3,-0.945477,-0.666678,0.530813,27,233018.899047,0.015464,0.306465,False
tariff_17,HIGH,tariff_10,14,0.240657,0.194521,0.315649,27,233018.899047,0.072165,0.084361,False
tariff_17,HIGH,tariff_11,11,0.221814,0.261138,0.469786,27,233018.899047,0.056701,0.141646,False
tariff_17,HIGH,tariff_12,6,-0.1666,-0.068617,0.491493,27,233018.899047,0.030928,0.200651,False
tariff_17,HIGH,tariff_13,16,-0.330777,-0.307426,0.41276,27,233018.899047,0.082474,0.10319,False
tariff_17,HIGH,tariff_4,30,-0.164991,0.068202,0.679698,27,233018.899047,0.154639,0.124095,True
tariff_17,HIGH,tariff_8,114,-0.045991,-0.050733,0.323071,27,233018.899047,0.587629,0.030258,True
tariff_17,LOW,tariff_1,1,-0.274989,-0.274989,,8,23317.104493,0.035714,,False
tariff_17,LOW,tariff_12,1,6.453966,3.0,,8,23317.104493,0.035714,,False
tariff_17,LOW,tariff_13,3,-0.505847,0.498051,2.180793,8,23317.104493,0.107143,1.259081,False
tariff_17,LOW,tariff_4,4,0.237827,0.776578,1.57931,8,23317.104493,0.142857,0.789655,False
tariff_17,LOW,tariff_8,15,0.622776,1.012274,1.758231,8,23317.104493,0.535714,0.453973,False
tariff_17,LOW,tariff_9,4,9.618666,2.169095,1.661809,8,23317.104493,0.142857,0.830905,False
tariff_17,MID,tariff_1,23,-0.568732,-0.284025,0.914028,32,166536.649399,0.082734,0.190588,False
tariff_17,MID,tariff_10,16,0.520253,0.547807,0.845054,32,166536.649399,0.057554,0.211263,False
tariff_17,MID,tariff_11,23,0.160709,0.185577,0.77303,32,166536.649399,0.082734,0.161188,False
tariff_17,MID,tariff_12,4,0.4356,0.722032,0.76119,32,166536.649399,0.014388,0.380595,False
tariff_17,MID,tariff_13,35,-0.256687,-0.047666,0.656384,32,166536.649399,0.125899,0.110949,True
tariff_17,MID,tariff_4,45,0.167408,0.195,0.472836,32,166536.649399,0.161871,0.070486,True
tariff_17,MID,tariff_8,127,0.336412,0.496473,0.834003,32,166536.649399,0.456835,0.074006,True
tariff_17,MID,tariff_9,5,2.118719,1.425158,1.518554,32,166536.649399,0.017986,0.679118,False
tariff_18,HIGH,tariff_1,8,-0.807364,-0.641978,0.465492,35,286137.260823,0.024845,0.164576,False
tariff_18,HIGH,tariff_10,67,0.007363,0.001398,0.410107,35,286137.260823,0.208075,0.050103,True
tariff_18,HIGH,tariff_11,22,0.142911,0.230361,0.603832,35,286137.260823,0.068323,0.128737,False
tariff_18,HIGH,tariff_12,26,-0.026749,-0.035684,0.298306,35,286137.260823,0.080745,0.058503,False
tariff_18,HIGH,tariff_13,23,-0.438247,-0.373469,0.430504,35,286137.260823,0.071429,0.089766,False
tariff_18,HIGH,tariff_4,49,-0.198975,-0.155205,0.359924,35,286137.260823,0.152174,0.051418,True
tariff_18,HIGH,tariff_8,127,-0.048773,-0.087427,0.348845,35,286137.260823,0.39441,0.030955,True
tariff_18,LOW,tariff_1,4,-0.401348,-0.295716,0.441741,19,60062.980206,0.076923,0.22087,False
tariff_18,LOW,tariff_10,9,-1.0,0.612611,1.931239,19,60062.980206,0.173077,0.643746,False
tariff_18,LOW,tariff_11,2,14.610893,3.0,0.0,19,60062.980206,0.038462,0.0,False
tariff_18,LOW,tariff_12,1,20.115569,3.0,,19,60062.980206,0.019231,,False
tariff_18,LOW,tariff_13,6,3.940962,1.232282,1.946733,19,60062.980206,0.115385,0.79475,False
tariff_18,LOW,tariff_4,3,4.708719,1.863186,1.96902,19,60062.980206,0.057692,1.136814,False
tariff_18,LOW,tariff_8,14,4.101531,2.061605,1.66922,19,60062.980206,0.269231,0.446118,False
tariff_18,LOW,tariff_9,13,6.139771,1.720896,1.684692,19,60062.980206,0.25,0.467249,False
tariff_18,MID,tariff_1,5,-0.640843,-0.677814,0.111794,13,70016.131531,0.036765,0.049996,False
tariff_18,MID,tariff_10,27,0.496772,0.565152,1.128963,13,70016.131531,0.198529,0.217269,False
tariff_18,MID,tariff_11,5,0.519353,1.025821,1.225508,13,70016.131531,0.036765,0.548064,False
tariff_18,MID,tariff_12,6,0.560391,1.248917,1.376827,13,70016.131531,0.044118,0.562087,False
tariff_18,MID,tariff_13,25,0.043146,0.179456,0.799124,13,70016.131531,0.183824,0.159825,False
tariff_18,MID,tariff_4,15,0.349797,0.505039,1.302925,13,70016.131531,0.110294,0.336414,False
tariff_18,MID,tariff_8,50,0.305328,0.562716,0.92438,13,70016.131531,0.367647,0.130727,True
tariff_18,MID,tariff_9,3,0.90872,0.987981,1.973582,13,70016.131531,0.022059,1.139448,False
tariff_19,HIGH,tariff_1,3,-0.303898,-0.512523,0.423625,33,259350.813547,0.04918,0.24458,False
tariff_19,HIGH,tariff_10,2,-0.003357,-0.003357,0.131442,33,259350.813547,0.032787,0.092944,False
tariff_19,HIGH,tariff_11,5,0.175753,-0.010928,0.916653,33,259350.813547,0.081967,0.40994,False
tariff_19,HIGH,tariff_12,6,-0.274166,-0.227732,0.386856,33,259350.813547,0.098361,0.157933,False
tariff_19,HIGH,tariff_13,5,-0.45449,-0.499501,0.228323,33,259350.813547,0.081967,0.102109,False
tariff_19,HIGH,tariff_4,5,-0.220523,-0.275733,0.476602,33,259350.813547,0.081967,0.213143,False
tariff_19,HIGH,tariff_8,35,-0.25179,-0.298864,0.363084,33,259350.813547,0.57377,0.061372,True
tariff_19,LOW,tariff_1,8,-0.587566,-0.538855,0.449201,14,40738.450383,0.163265,0.158817,False
tariff_19,LOW,tariff_10,3,0.546511,0.848837,2.017065,14,40738.450383,0.061224,1.164553,False
tariff_19,LOW,tariff_11,3,-0.996721,-0.220275,1.347685,14,40738.450383,0.061224,0.778086,False
tariff_19,LOW,tariff_13,8,3.175636,1.781905,1.587598,14,40738.450383,0.163265,0.561301,False
tariff_19,LOW,tariff_21,1,5.247317,3.0,,14,40738.450383,0.020408,,False
tariff_19,LOW,tariff_4,3,3.65622,1.745288,2.173224,14,40738.450383,0.061224,1.254712,False
tariff_19,LOW,tariff_8,11,-0.418728,0.3361,1.73633,14,40738.450383,0.22449,0.523523,False
tariff_19,LOW,tariff_9,12,1.390158,1.103179,1.985503,14,40738.450383,0.244898,0.573165,False
tariff_19,MID,tariff_1,3,-0.880679,-0.460135,0.758966,26,119249.023999,0.039474,0.438189,False
tariff_19,MID,tariff_10,13,0.117287,0.255256,0.908502,26,119249.023999,0.171053,0.251973,False
tariff_19,MID,tariff_11,4,-0.364355,0.317823,1.845985,26,119249.023999,0.052632,0.922993,False
tariff_19,MID,tariff_13,12,0.07397,0.177365,0.565634,26,119249.023999,0.157895,0.163284,False
tariff_19,MID,tariff_4,16,-0.091084,0.20352,1.14444,26,119249.023999,0.210526,0.28611,False
tariff_19,MID,tariff_8,21,0.688854,0.768894,1.114961,26,119249.023999,0.276316,0.243305,False
tariff_19,MID,tariff_9,7,0.590764,0.393353,1.078641,26,119249.023999,0.092105,0.407688,False
tariff_2,HIGH,tariff_1,1,-0.696895,-0.696895,,7,36800.230724,0.035714,,False
tariff_2,HIGH,tariff_10,2,0.048785,0.048785,0.365778,7,36800.230724,0.071429,0.258644,False
tariff_2,HIGH,tariff_11,1,-0.213826,-0.213826,,7,36800.230724,0.035714,,False
tariff_2,HIGH,tariff_13,3,-0.234441,-0.077871,0.489666,7,36800.230724,0.107143,0.282709,False
tariff_2,HIGH,tariff_4,5,0.130209,0.013996,0.389032,7,36800.230724,0.178571,0.173981,False
tariff_2,HIGH,tariff_8,16,-0.050915,0.017075,0.451365,7,36800.230724,0.571429,0.112841,False
tariff_2,LOW,tariff_1,12,-0.220755,0.225502,1.43023,9,23951.38716,0.148148,0.412872,False
tariff_2,LOW,tariff_10,6,8.402946,1.668504,2.062747,9,23951.38716,0.074074,0.842113,False
tariff_2,LOW,tariff_13,15,4.684936,2.203949,1.373089,9,23951.38716,0.185185,0.35453,False
tariff_2,LOW,tariff_21,13,0.495942,1.023781,1.835964,9,23951.38716,0.160494,0.509205,False
tariff_2,LOW,tariff_4,4,0.602698,0.806776,1.685741,9,23951.38716,0.049383,0.84287,False
tariff_2,LOW,tariff_8,17,0.501139,0.865148,1.437572,9,23951.38716,0.209877,0.348662,False
tariff_2,LOW,tariff_9,14,1.300572,1.106158,1.872049,9,23951.38716,0.17284,0.500326,False
tariff_2,MID,tariff_1,20,-0.623792,-0.516643,0.434262,20,92193.042153,0.06689,0.097104,False
tariff_2,MID,tariff_10,30,0.276872,0.297127,0.695802,20,92193.042153,0.100334,0.127036,True
tariff_2,MID,tariff_11,4,0.172928,0.386168,0.818136,20,92193.042153,0.013378,0.409068,False
tariff_2,MID,tariff_12,5,0.394579,0.62197,1.267686,20,92193.042153,0.016722,0.566927,False
tariff_2,MID,tariff_13,58,-0.024379,0.080179,0.647503,20,92193.042153,0.19398,0.085021,True
tariff_2,MID,tariff_21,3,-0.506846,-0.522079,0.470489,20,92193.042153,0.010033,0.271637,False
tariff_2,MID,tariff_4,23,0.438412,0.466148,0.918962,20,92193.042153,0.076923,0.191617,False
tariff_2,MID,tariff_8,114,0.304106,0.362375,0.900505,20,92193.042153,0.381271,0.08434,True
tariff_2,MID,tariff_9,42,0.220345,0.17002,0.678921,20,92193.042153,0.140468,0.10476,True
tariff_20,HIGH,tariff_1,11,-0.842627,-0.74591,0.340384,38,287290.722915,0.065089,0.10263,False
tariff_20,HIGH,tariff_10,17,0.1256,0.088179,0.401518,38,287290.722915,0.100592,0.097382,False
tariff_20,HIGH,tariff_11,8,0.198845,0.047211,0.514523,38,287290.722915,0.047337,0.181911,False
tariff_20,HIGH,tariff_12,9,0.021646,-0.080938,0.61055,38,287290.722915,0.053254,0.203517,False
tariff_20,HIGH,tariff_13,17,-0.406694,-0.27509,0.362973,38,287290.722915,0.100592,0.088034,False
tariff_20,HIGH,tariff_4,29,-0.246833,-0.220553,0.319378,38,287290.722915,0.171598,0.059307,False
tariff_20,HIGH,tariff_8,78,-0.085709,-0.054193,0.231666,38,287290.722915,0.461538,0.026231,True
tariff_20,LOW,tariff_1,4,0.299521,0.518067,1.382742,5,18274.493796,0.190476,0.691371,False
tariff_20,LOW,tariff_10,2,4.117565,1.893694,1.564553,5,18274.493796,0.095238,1.106306,False
tariff_20,LOW,tariff_11,1,-1.0,-1.0,,5,18274.493796,0.047619,,False
tariff_20,LOW,tariff_12,1,-0.810702,-0.810702,,5,18274.493796,0.047619,,False
tariff_20,LOW,tariff_13,5,2.583456,2.151284,0.986942,5,18274.493796,0.238095,0.441374,False
tariff_20,LOW,tariff_4,2,-0.985205,-0.985205,0.020924,5,18274.493796,0.095238,0.014795,False
tariff_20,LOW,tariff_8,4,3.884441,1.725859,1.729397,5,18274.493796,0.190476,0.864698,False
tariff_20,LOW,tariff_9,2,2.745465,1.018336,2.802496,5,18274.493796,0.095238,1.981664,False
tariff_20,MID,tariff_1,9,-0.707493,-0.14739,1.130954,7,40256.809538,0.134328,0.376985,False
tariff_20,MID,tariff_10,5,0.532502,0.166362,1.101537,7,40256.809538,0.074627,0.492622,False
tariff_20,MID,tariff_11,2,0.432335,0.432335,0.001105,7,40256.809538,0.029851,0.000781,False
tariff_20,MID,tariff_12,3,0.286915,0.359342,1.396965,7,40256.809538,0.044776,0.806538,False
tariff_20,MID,tariff_13,8,-0.076745,-0.148439,0.237077,7,40256.809538,0.119403,0.083819,False
tariff_20,MID,tariff_4,8,-0.05152,-0.315931,0.524539,7,40256.809538,0.119403,0.185453,False
tariff_20,MID,tariff_8,31,0.137143,0.408507,0.845782,7,40256.809538,0.462687,0.151907,True
tariff_20,MID,tariff_9,1,1.955706,1.955706,,7,40256.809538,0.014925,,False
tariff_3,HIGH,tariff_1,3,-0.865104,-0.661396,0.474475,27,180049.659293,0.021898,0.273938,False
tariff_3,HIGH,tariff_10,19,-0.199042,-0.219705,0.547236,27,180049.659293,0.138686,0.125545,False
tariff_3,HIGH,tariff_11,11,-0.280902,-0.139827,0.4984,27,180049.659293,0.080292,0.150273,False
tariff_3,HIGH,tariff_12,10,0.125508,0.150343,0.587222,27,180049.659293,0.072993,0.185696,False
tariff_3,HIGH,tariff_13,5,-0.268966,-0.320095,0.147751,27,180049.659293,0.036496,0.066076,False
tariff_3,HIGH,tariff_4,6,-0.306721,-0.416892,0.340235,27,180049.659293,0.043796,0.1389,False
tariff_3,HIGH,tariff_8,83,-0.013368,-0.079513,0.5487,27,180049.659293,0.605839,0.060228,True
tariff_3,LOW,tariff_1,8,-0.977302,-0.215648,1.494796,56,160544.447236,0.079208,0.52849,False
tariff_3,LOW,tariff_10,5,6.670313,2.161064,1.769098,56,160544.447236,0.049505,0.791165,False
tariff_3,LOW,tariff_11,2,4.437016,3.0,0.0,56,160544.447236,0.019802,0.0,False
tariff_3,LOW,tariff_12,5,-1.0,-0.094137,1.744795,56,160544.447236,0.049505,0.780296,False
tariff_3,LOW,tariff_13,6,1.128118,0.990169,1.719913,56,160544.447236,0.059406,0.702152,False
tariff_3,LOW,tariff_21,2,-1.0,-1.0,0.0,56,160544.447236,0.019802,0.0,False
tariff_3,LOW,tariff_4,15,-0.741523,-0.077701,1.389066,56,160544.447236,0.148515,0.358655,False
tariff_3,LOW,tariff_8,27,-0.519037,0.595691,1.826843,56,160544.447236,0.267327,0.351576,False
tariff_3,LOW,tariff_9,31,1.033678,1.087498,1.858302,56,160544.447236,0.306931,0.333761,True
tariff_3,MID,tariff_1,21,-0.851837,-0.510354,0.894528,87,353907.756155,0.04698,0.195202,False
tariff_3,MID,tariff_10,31,0.434481,0.586701,1.470785,87,353907.756155,0.069351,0.264161,True
tariff_3,MID,tariff_11,29,0.59575,0.572673,1.287628,87,353907.756155,0.064877,0.239107,False
tariff_3,MID,tariff_12,8,0.254232,0.443003,1.423964,87,353907.756155,0.017897,0.503447,False
tariff_3,MID,tariff_13,32,0.119966,0.187877,0.827168,87,353907.756155,0.071588,0.146224,True
tariff_3,MID,tariff_21,8,-0.145161,-0.009624,0.997847,87,353907.756155,0.017897,0.352792,False
tariff_3,MID,tariff_4,47,-0.175001,0.138327,1.120591,87,353907.756155,0.105145,0.163455,True
tariff_3,MID,tariff_8,241,0.452668,0.58359,1.337299,87,353907.756155,0.53915,0.086143,True
tariff_3,MID,tariff_9,30,0.267891,0.16848,0.809724,87,353907.756155,0.067114,0.147835,True
tariff_4,HIGH,tariff_1,21,-0.639614,-0.561837,0.334718,2108,15794121.771708,0.043033,0.073041,False
tariff_4,HIGH,tariff_10,45,-0.144821,-0.132024,0.421849,2108,15794121.771708,0.092213,0.062885,True
tariff_4,HIGH,tariff_11,32,-0.207928,-0.156176,0.617925,2108,15794121.771708,0.065574,0.109235,True
tariff_4,HIGH,tariff_12,19,0.056721,0.006275,0.553902,2108,15794121.771708,0.038934,0.127074,False
tariff_4,HIGH,tariff_13,31,-0.455178,-0.468197,0.325232,2108,15794121.771708,0.063525,0.058413,True
tariff_4,HIGH,tariff_8,340,-0.082544,-0.136888,0.375976,2108,15794121.771708,0.696721,0.02039,True
tariff_4,LOW,tariff_1,3,1.023757,0.849232,1.176274,299,857563.179027,0.032609,0.679122,False
tariff_4,LOW,tariff_10,17,0.62768,1.001904,1.891195,299,857563.179027,0.184783,0.458682,False
tariff_4,LOW,tariff_11,13,-0.970666,-0.727848,0.565475,299,857563.179027,0.141304,0.156834,False
tariff_4,LOW,tariff_12,9,-0.289836,0.197847,1.36292,299,857563.179027,0.097826,0.454307,False
tariff_4,LOW,tariff_13,8,1.483907,1.41883,1.494339,299,857563.179027,0.086957,0.528329,False
tariff_4,LOW,tariff_21,3,-0.385904,0.742513,1.955041,299,857563.179027,0.032609,1.128744,False
tariff_4,LOW,tariff_8,22,-0.598069,0.216993,1.558537,299,857563.179027,0.23913,0.332281,False
tariff_4,LOW,tariff_9,17,8.570984,2.263562,1.37993,299,857563.179027,0.184783,0.334682,False
tariff_4,MID,tariff_1,37,-0.77679,-0.478651,0.619664,1227,5840537.244104,0.055224,0.101872,True
tariff_4,MID,tariff_10,58,0.186346,0.109214,0.951647,1227,5840537.244104,0.086567,0.124957,True
tariff_4,MID,tariff_11,41,0.216182,0.334291,1.185956,1227,5840537.244104,0.061194,0.185215,True
tariff_4,MID,tariff_12,13,-0.561877,-0.377944,0.839257,1227,5840537.244104,0.019403,0.232768,False
tariff_4,MID,tariff_13,100,-0.183099,-0.048774,0.688191,1227,5840537.244104,0.149254,0.068819,True
tariff_4,MID,tariff_21,2,0.644544,0.644544,0.445514,1227,5840537.244104,0.002985,0.315026,False
tariff_4,MID,tariff_8,408,0.292108,0.394505,0.927601,1227,5840537.244104,0.608955,0.045923,True
tariff_4,MID,tariff_9,11,1.15887,0.990519,1.219617,1227,5840537.244104,0.016418,0.367728,False
tariff_5,HIGH,tariff_1,9,-0.827695,-0.740941,0.322798,109,740120.061614,0.089109,0.107599,False
tariff_5,HIGH,tariff_10,32,0.019399,0.024372,0.668396,109,740120.061614,0.316832,0.118157,True
tariff_5,HIGH,tariff_11,18,-0.002183,0.04913,0.901231,109,740120.061614,0.178218,0.212422,False
tariff_5,HIGH,tariff_12,10,-0.996771,-0.743657,0.356796,109,740120.061614,0.09901,0.112829,False
tariff_5,HIGH,tariff_13,6,-0.484336,-0.46876,0.336738,109,740120.061614,0.059406,0.137473,False
tariff_5,HIGH,tariff_4,13,-0.591322,-0.602817,0.405165,109,740120.061614,0.128713,0.112372,False
tariff_5,HIGH,tariff_8,13,-0.099337,-0.030165,0.961933,109,740120.061614,0.128713,0.266792,False
tariff_5,LOW,tariff_1,10,-0.790544,-0.384474,1.218134,44,132153.683917,0.075188,0.385208,False
tariff_5,LOW,tariff_10,32,-0.952237,0.172583,1.629327,44,132153.683917,0.240602,0.288027,True
tariff_5,LOW,tariff_11,9,-1.0,-0.547433,1.330506,44,132153.683917,0.067669,0.443502,False
tariff_5,LOW,tariff_12,8,-1.0,-0.847078,0.279305,44,132153.683917,0.06015,0.098749,False
tariff_5,LOW,tariff_13,36,1.465437,1.228744,1.6528,44,132153.683917,0.270677,0.275467,True
tariff_5,LOW,tariff_21,1,-1.0,-1.0,,44,132153.683917,0.007519,,False
tariff_5,LOW,tariff_4,20,0.44425,0.877616,1.721225,44,132153.683917,0.150376,0.384878,False
tariff_5,LOW,tariff_8,6,4.402181,1.693571,1.944826,44,132153.683917,0.045113,0.793972,False
tariff_5,LOW,tariff_9,11,-0.953235,0.638049,1.904555,44,132153.683917,0.082707,0.574245,False
tariff_5,MID,tariff_1,18,-0.86958,-0.28837,1.266441,91,367820.610111,0.095745,0.298503,False
tariff_5,MID,tariff_10,36,-0.582854,-0.216726,1.034423,91,367820.610111,0.191489,0.172404,True
tariff_5,MID,tariff_11,15,-0.86557,-0.082214,1.237732,91,367820.610111,0.079787,0.319581,False
tariff_5,MID,tariff_12,17,-0.68326,-0.202254,1.14885,91,367820.610111,0.090426,0.278637,False
tariff_5,MID,tariff_13,43,-0.204309,-0.043928,0.747991,91,367820.610111,0.228723,0.114068,True
tariff_5,MID,tariff_21,4,-1.0,-0.379894,1.240212,91,367820.610111,0.021277,0.620106,False
tariff_5,MID,tariff_4,32,0.021205,0.399654,1.24097,91,367820.610111,0.170213,0.219375,True
tariff_5,MID,tariff_8,21,-0.215156,-0.058813,1.064089,91,367820.610111,0.111702,0.232203,False
tariff_5,MID,tariff_9,2,-0.40089,-0.40089,0.504883,91,367820.610111,0.010638,0.357006,False
tariff_6,HIGH,tariff_1,4,-0.983951,-0.676448,0.62583,53,341665.538097,0.076923,0.312915,False
tariff_6,HIGH,tariff_10,9,-0.568754,-0.481166,0.482445,53,341665.538097,0.173077,0.160815,False
tariff_6,HIGH,tariff_11,11,0.228539,0.083342,0.518301,53,341665.538097,0.211538,0.156274,False
tariff_6,HIGH,tariff_12,8,-1.0,-0.259358,1.242147,53,341665.538097,0.153846,0.439165,False
tariff_6,HIGH,tariff_13,6,-0.572002,-0.480464,0.585932,53,341665.538097,0.115385,0.239206,False
tariff_6,HIGH,tariff_4,10,-0.567919,-0.479577,0.516822,53,341665.538097,0.192308,0.163433,False
tariff_6,HIGH,tariff_8,3,-0.739723,-0.598568,0.370224,53,341665.538097,0.057692,0.213749,False
tariff_6,HIGH,tariff_9,1,-0.155188,-0.155188,,53,341665.538097,0.019231,,False
tariff_6,LOW,tariff_1,13,0.637856,0.892529,1.441614,30,97039.609156,0.098485,0.399832,False
tariff_6,LOW,tariff_10,21,-1.0,-0.086381,1.459148,30,97039.609156,0.159091,0.318412,False
tariff_6,LOW,tariff_11,7,-0.599053,0.067856,1.415709,30,97039.609156,0.05303,0.535088,False
tariff_6,LOW,tariff_12,3,8.266587,1.666667,2.309401,30,97039.609156,0.022727,1.333333,False
tariff_6,LOW,tariff_13,37,2.317936,1.456162,1.745567,30,97039.609156,0.280303,0.286969,True
tariff_6,LOW,tariff_4,23,2.499054,1.566186,1.673751,30,97039.609156,0.174242,0.349001,False
tariff_6,LOW,tariff_8,10,0.571827,1.034426,1.786534,30,97039.609156,0.075758,0.564952,False
tariff_6,LOW,tariff_9,18,-0.290679,0.488766,1.645281,30,97039.609156,0.136364,0.387797,False
tariff_6,MID,tariff_1,10,-0.891442,-0.594149,0.494654,34,135351.600838,0.09901,0.156423,False
tariff_6,MID,tariff_10,25,-0.648046,0.110667,1.400096,34,135351.600838,0.247525,0.280019,False
tariff_6,MID,tariff_11,10,0.612781,0.835686,1.450413,34,135351.600838,0.09901,0.458661,False
tariff_6,MID,tariff_12,2,-0.198407,-0.198407,1.133623,34,135351.600838,0.019802,0.801593,False
tariff_6,MID,tariff_13,28,-0.475749,-0.341206,0.61846,34,135351.600838,0.277228,0.116878,False
tariff_6,MID,tariff_21,1,-0.799999,-0.799999,,34,135351.600838,0.009901,,False
tariff_6,MID,tariff_4,13,-0.148197,0.063771,0.939973,34,135351.600838,0.128713,0.260702,False
tariff_6,MID,tariff_8,9,0.45348,0.303587,1.274505,34,135351.600838,0.089109,0.424835,False
tariff_6,MID,tariff_9,3,-0.985507,-0.128724,1.49656,34,135351.600838,0.029703,0.864039,False
tariff_7,HIGH,tariff_1,6,-0.989811,-0.771568,0.361205,72,519437.624644,0.069767,0.147461,False
tariff_7,HIGH,tariff_10,26,-0.046373,-0.111505,0.632423,72,519437.624644,0.302326,0.124028,False
tariff_7,HIGH,tariff_11,8,-0.121799,-0.022817,0.734664,72,519437.624644,0.093023,0.259743,False
tariff_7,HIGH,tariff_12,6,0.09078,0.340813,1.459561,72,519437.624644,0.069767,0.595863,False
tariff_7,HIGH,tariff_13,5,-0.567306,-0.635701,0.363965,72,519437.624644,0.05814,0.16277,False
tariff_7,HIGH,tariff_4,15,-0.551951,-0.349859,0.797427,72,519437.624644,0.174419,0.205895,False
tariff_7,HIGH,tariff_8,20,-0.465257,-0.374821,0.594014,72,519437.624644,0.232558,0.132826,False
tariff_7,LOW,tariff_1,4,-0.232907,0.386228,1.860272,29,93486.112547,0.057143,0.930136,False
tariff_7,LOW,tariff_10,16,-0.621469,0.156237,1.525371,29,93486.112547,0.228571,0.381343,False
tariff_7,LOW,tariff_11,3,-0.994615,-0.881127,0.201248,29,93486.112547,0.042857,0.116191,False
tariff_7,LOW,tariff_12,4,8.288069,2.166421,1.667158,29,93486.112547,0.057143,0.833579,False
tariff_7,LOW,tariff_13,9,0.220846,1.005145,1.838955,29,93486.112547,0.128571,0.612985,False
tariff_7,LOW,tariff_21,1,-1.0,-1.0,,29,93486.112547,0.014286,,False
tariff_7,LOW,tariff_4,10,-0.703214,0.612082,1.947698,29,93486.112547,0.142857,0.615916,False
tariff_7,LOW,tariff_8,3,-1.0,0.333333,2.309401,29,93486.112547,0.042857,1.333333,False
tariff_7,LOW,tariff_9,20,3.151768,1.636744,1.701458,29,93486.112547,0.285714,0.380457,False
tariff_7,MID,tariff_1,14,-0.691962,-0.41423,0.683937,52,267570.677983,0.134615,0.18279,False
tariff_7,MID,tariff_10,31,-0.519562,-0.078433,1.266125,52,267570.677983,0.298077,0.227403,True
tariff_7,MID,tariff_11,6,-0.332213,0.115271,1.212656,52,267570.677983,0.057692,0.495065,False
tariff_7,MID,tariff_12,2,0.68386,0.68386,0.120698,52,267570.677983,0.019231,0.085346,False
tariff_7,MID,tariff_13,18,-0.39041,-0.267344,0.666684,52,267570.677983,0.173077,0.157139,False
tariff_7,MID,tariff_21,2,-0.905699,-0.905699,0.133352,52,267570.677983,0.019231,0.094294,False
tariff_7,MID,tariff_4,15,0.297026,0.58578,1.341118,52,267570.677983,0.144231,0.346275,False
tariff_7,MID,tariff_8,13,-0.47442,-0.094624,1.110351,52,267570.677983,0.125,0.307956,False
tariff_7,MID,tariff_9,3,-0.781372,-0.443625,0.642998,52,267570.677983,0.028846,0.371235,False
tariff_8,HIGH,tariff_1,49,-0.749219,-0.615705,0.441426,4726,36988107.972429,0.054688,0.063061,True
tariff_8,HIGH,tariff_10,283,0.00138,0.020361,0.490903,4726,36988107.972429,0.315848,0.029181,True
tariff_8,HIGH,tariff_11,133,-0.047085,0.026516,0.565426,4726,36988107.972429,0.148438,0.049029,True
tariff_8,HIGH,tariff_12,113,-0.065655,0.028348,0.621598,4726,36988107.972429,0.126116,0.058475,True
tariff_8,HIGH,tariff_13,113,-0.495806,-0.456197,0.264693,4726,36988107.972429,0.126116,0.0249,True
tariff_8,HIGH,tariff_21,1,-0.209547,-0.209547,,4726,36988107.972429,0.001116,,False
tariff_8,HIGH,tariff_4,204,-0.168151,-0.181486,0.409362,4726,36988107.972429,0.227679,0.028661,True
tariff_8,LOW,tariff_1,7,-0.085586,0.142776,1.084404,457,1312258.164756,0.053846,0.409866,False
tariff_8,LOW,tariff_10,30,-0.608907,0.442774,1.743583,457,1312258.164756,0.230769,0.318333,True
tariff_8,LOW,tariff_11,16,0.273536,0.671866,1.784326,457,1312258.164756,0.123077,0.446082,False
tariff_8,LOW,tariff_12,10,-0.999961,-0.234054,1.327359,457,1312258.164756,0.076923,0.419748,False
tariff_8,LOW,tariff_13,15,2.064837,1.279324,1.619463,457,1312258.164756,0.115385,0.418144,False
tariff_8,LOW,tariff_21,6,2.780624,1.178386,2.007334,457,1312258.164756,0.046154,0.819491,False
tariff_8,LOW,tariff_4,20,-0.564198,0.783278,1.92312,457,1312258.164756,0.153846,0.430023,False
tariff_8,LOW,tariff_9,26,5.614157,2.415155,1.388047,457,1312258.164756,0.2,0.272218,False
tariff_8,MID,tariff_1,63,-0.747815,-0.495759,0.650455,1720,8024489.894818,0.081818,0.08195,True
tariff_8,MID,tariff_10,182,0.317648,0.409233,1.171391,1720,8024489.894818,0.236364,0.086829,True
tariff_8,MID,tariff_11,99,0.032154,0.24336,1.198036,1720,8024489.894818,0.128571,0.120407,True
tariff_8,MID,tariff_12,55,-0.415206,0.088395,1.237178,1720,8024489.894818,0.071429,0.166821,True
tariff_8,MID,tariff_13,164,-0.1927,-0.118777,0.523034,1720,8024489.894818,0.212987,0.040842,True
tariff_8,MID,tariff_21,10,-0.948602,-0.331992,1.024635,1720,8024489.894818,0.012987,0.324018,False
tariff_8,MID,tariff_4,178,-0.139217,-0.105885,0.788458,1720,8024489.894818,0.231169,0.059097,True
tariff_8,MID,tariff_9,19,0.194787,0.27132,1.257802,1720,8024489.894818,0.024675,0.28856,False
tariff_9,HIGH,tariff_1,4,-0.764082,-0.753666,0.253427,9,52537.212756,0.129032,0.126714,False
tariff_9,HIGH,tariff_10,4,-0.761321,-0.62118,0.362997,9,52537.212756,0.129032,0.181498,False
tariff_9,HIGH,tariff_11,7,0.009994,0.272054,0.8918,9,52537.212756,0.225806,0.337069,False
tariff_9,HIGH,tariff_13,2,-0.691295,-0.691295,0.283671,9,52537.212756,0.064516,0.200586,False
tariff_9,HIGH,tariff_4,2,-0.128529,-0.128529,0.046419,9,52537.212756,0.064516,0.032823,False
tariff_9,HIGH,tariff_8,12,-0.110347,-0.111148,0.470501,9,52537.212756,0.387097,0.135822,False
tariff_9,LOW,tariff_1,44,-0.286956,0.04132,1.089158,51,157453.035089,0.366667,0.164197,True
tariff_9,LOW,tariff_10,3,0.191314,0.730438,2.053775,51,157453.035089,0.025,1.185747,False
tariff_9,LOW,tariff_11,4,5.449241,1.347599,1.99066,51,157453.035089,0.033333,0.99533,False
tariff_9,LOW,tariff_12,2,-0.993206,-0.993206,0.009608,51,157453.035089,0.016667,0.006794,False
tariff_9,LOW,tariff_13,18,1.706211,1.586956,1.431751,51,157453.035089,0.15,0.337467,False
tariff_9,LOW,tariff_4,12,0.630216,0.961384,1.888856,51,157453.035089,0.1,0.545266,False
tariff_9,LOW,tariff_8,37,0.639485,1.232577,1.689043,51,157453.035089,0.308333,0.277677,True
tariff_9,MID,tariff_1,44,-0.637784,-0.363515,0.69578,67,281271.399788,0.188841,0.104893,True
tariff_9,MID,tariff_10,11,0.519381,0.133759,0.844127,67,281271.399788,0.04721,0.254514,False
tariff_9,MID,tariff_11,11,-0.171943,0.111504,1.132648,67,281271.399788,0.04721,0.341506,False
tariff_9,MID,tariff_12,10,-0.611514,-0.307521,0.728718,67,281271.399788,0.042918,0.230441,False
tariff_9,MID,tariff_13,49,-0.013221,0.175565,0.773498,67,281271.399788,0.2103,0.1105,True
tariff_9,MID,tariff_4,37,0.375969,0.452255,1.286259,67,281271.399788,0.158798,0.21146,True
tariff_9,MID,tariff_8,71,0.143239,0.406257,1.254967,67,281271.399788,0.304721,0.148937,True
